﻿Designator,Footprint,Quantity,Value,LCSC Part #
"C1, C4",0402,2,20pf,C1554
"C10, C11, C12, C2, C21, C22, C3, C5, C6, C7, C8, C9",1206,12,10uF,C13585
"C13, C14, C15, C16, C17, C18, C19",0603,7,0.1uF,-
"D1, D2, D3",D_SMA,3,SS14,C2480
J2,USB_C_Receptacle_HCTL_HC-TYPE-C-16P-01A,1,USB_C_Receptacle_USB2.0_16P,C2765186
"J3, J6","TerminalBlock_Phoenix_PT-1,5-8-3.5-H_1x08_P3.50mm_Horizontal",2,Screw_Terminal_01x08,C5184954
"J5, J7","TerminalBlock_Phoenix_PT-1,5-3-3.5-H_1x03_P3.50mm_Horizontal",2,Screw_Terminal_01x03,
L1,L_SOREDE_SNR.1050_10x10x5mm,1,68uH,C9187
"R1, R10, R11, R3, R7, R8, R9",0603,7,0R,-
R12,0603,1,120R,-
"R13, R14, R15, R17, R19, R2, R4",0603,7,10k,-
"R16, R18",0603,2,4.7k,-
"R20, R25",0603,2,370R,-
"R5, R6",0603,2,5.1k,-
"SW1, SW2",SW_Push_1P1T_XKB_TS-1187A,2,SW_SPST,C318884
U1,ESP32-S3-WROOM-1,1,ESP32-S3-WROOM-1,C2913202
"U12, U6, U7, U8",SMDIP-4_W9.53mm,4,LTV-817S,C109227
U15,SOT-223-3_TabPin2,1,AMS1117-3.3,SOT-223
U2,SOT-223-3_TabPin2,1,AMS1117-5.0,C6187
U3,SOIC-8_3.9x4.9mm_P1.27mm,1,XL1509-5.0E1,C61063
U4,SOIC-8_3.9x4.9mm_P1.27mm,1,SP3485EN,C61063
U5,SOIC-16_3.9x9.9mm_P1.27mm,1,AM26LS31CDR,C6179
Y1,Crystal_SMD_3215-2Pin_3.2x1.5mm,1,32.768khz 3215 12.5pf,C32346
